[{"id":"user-image-393570852_719078260252235_6514531272385350991_n.jpg","publicUrl":"np://user.desktop.nicepage.com/Site_189736123/images/393570852_719078260252235_6514531272385350991_n.jpg","size":251183,"hash":"RUwH4Uc1Pu0s7lSmGHhW0TAwfXE=","fileName":"393570852_719078260252235_6514531272385350991_n.jpg","name":"393570852_719078260252235_6514531272385350991_n","width":1280,"height":960,"thumbnail":{"url":"np://user.desktop.nicepage.com/Site_189736123/images/thumbnails/393570852_719078260252235_6514531272385350991_n.jpg","width":250,"height":188},"folderId":null,"usages":["309676456"]},{"id":"user-image-453198107_899812755512117_8980401481719522913_n.jpg","publicUrl":"np://user.desktop.nicepage.com/Site_189736123/images/453198107_899812755512117_8980401481719522913_n.jpg","size":837238,"hash":"+Cw/Dpg+w2PZx8EVFBnTQxArNhw=","fileName":"453198107_899812755512117_8980401481719522913_n.jpg","name":"453198107_899812755512117_8980401481719522913_n","width":1920,"height":1440,"thumbnail":{"url":"np://user.desktop.nicepage.com/Site_189736123/images/thumbnails/453198107_899812755512117_8980401481719522913_n.jpg","width":250,"height":188},"folderId":null,"usages":["309676456"]},{"id":"user-image-WhatsAppImage2024-08-30at20.17.15.jpeg","publicUrl":"np://user.desktop.nicepage.com/Site_189736123/images/WhatsAppImage2024-08-30at20.17.15.jpeg","size":119007,"hash":"eU0Sn9QjBDf8+UgRB2gXDFdryPw=","fileName":"WhatsAppImage2024-08-30at20.17.15.jpeg","name":"WhatsAppImage2024-08-30at20.17.15","width":1600,"height":789,"thumbnail":{"url":"np://user.desktop.nicepage.com/Site_189736123/images/thumbnails/WhatsAppImage2024-08-30at20.17.15.jpeg","width":250,"height":123},"folderId":null,"usages":["663325784"]},{"id":"user-image-Screenshot2024-07-12at6.19.55PM1.png","publicUrl":"np://user.desktop.nicepage.com/Site_189736123/images/Screenshot2024-07-12at6.19.55PM1.png","size":3982186,"hash":"8FvsbQNNtFaLvjLJtKSm8xFZtOA=","fileName":"Screenshot2024-07-12at6.19.55PM1.png","name":"Screenshot2024-07-12at6.19.55PM1","width":1920,"height":1483,"thumbnail":{"url":"np://user.desktop.nicepage.com/Site_189736123/images/thumbnails/Screenshot2024-07-12at6.19.55PM1.png","width":250,"height":193},"folderId":null,"usages":["663325784","309676456"]},{"id":"user-image-Screenshot2024-07-12at6.23.45PM1.png","publicUrl":"np://user.desktop.nicepage.com/Site_189736123/images/Screenshot2024-07-12at6.23.45PM1.png","size":3164947,"hash":"3l6+rtmm/myxiot8Qg7ETA1H9pg=","fileName":"Screenshot2024-07-12at6.23.45PM1.png","name":"Screenshot2024-07-12at6.23.45PM1","width":1920,"height":1483,"thumbnail":{"url":"np://user.desktop.nicepage.com/Site_189736123/images/thumbnails/Screenshot2024-07-12at6.23.45PM1.png","width":250,"height":193},"folderId":null,"usages":["663325784","309676456"]},{"id":"user-image-PANO0009.6591-1.jpg","publicUrl":"np://user.desktop.nicepage.com/Site_189736123/images/PANO0009.6591-1.jpg","size":1766340,"hash":"O0SVo3dJJ2gLh5OTmT7w2P3Y5uc=","fileName":"PANO0009.6591-1.jpg","name":"PANO0009.6591-1","width":1504,"height":1107,"thumbnail":{"url":"np://user.desktop.nicepage.com/Site_189736123/images/thumbnails/PANO0009.6591-1.jpg","width":250,"height":184},"folderId":null,"usages":["663325784","309676456"]},{"id":"user-image-IMG_64111.jpg","publicUrl":"np://user.desktop.nicepage.com/Site_189736123/images/IMG_64111.jpg","size":442357,"hash":"iNtqtoChvnJGwwnNmq/xttSdbco=","fileName":"IMG_64111.jpg","name":"IMG_64111","width":2048,"height":1365,"thumbnail":{"url":"np://user.desktop.nicepage.com/Site_189736123/images/thumbnails/IMG_64111.jpg","width":250,"height":167},"folderId":null,"usages":["34206520"]},{"id":"user-image-442476491_854860356674024_6964376596064466471_n.jpg","publicUrl":"np://user.desktop.nicepage.com/Site_189736123/images/442476491_854860356674024_6964376596064466471_n.jpg","size":803718,"hash":"WpFprP08j59BFXsd3e0mIiiF2MI=","fileName":"442476491_854860356674024_6964376596064466471_n.jpg","name":"442476491_854860356674024_6964376596064466471_n","width":2048,"height":1536,"thumbnail":{"url":"np://user.desktop.nicepage.com/Site_189736123/images/thumbnails/442476491_854860356674024_6964376596064466471_n.jpg","width":250,"height":188},"folderId":null,"usages":["34206520"]},{"id":"user-image-442508867_854860410007352_1079760549729536091_n.jpg","publicUrl":"np://user.desktop.nicepage.com/Site_189736123/images/442508867_854860410007352_1079760549729536091_n.jpg","size":208588,"hash":"MS2oggbupVHoQq5/p+V/cN+otfo=","fileName":"442508867_854860410007352_1079760549729536091_n.jpg","name":"442508867_854860410007352_1079760549729536091_n","width":2048,"height":1298,"thumbnail":{"url":"np://user.desktop.nicepage.com/Site_189736123/images/thumbnails/442508867_854860410007352_1079760549729536091_n.jpg","width":250,"height":158},"folderId":null,"usages":["34206520"]},{"id":"user-image-Screenshot2024-08-17at12.52.07PM.jpeg","publicUrl":"np://user.desktop.nicepage.com/Site_189736123/images/Screenshot2024-08-17at12.52.07PM.jpeg","size":1332296,"hash":"f38//m4LiO6EzF9jJF8CPRNxlvk=","fileName":"Screenshot2024-08-17at12.52.07PM.jpeg","name":"Screenshot2024-08-17at12.52.07PM","width":1170,"height":1163,"thumbnail":{"url":"np://user.desktop.nicepage.com/Site_189736123/images/thumbnails/Screenshot2024-08-17at12.52.07PM.jpeg","width":250,"height":249},"folderId":null,"usages":["77150590"]},{"id":"user-image-PHOTO-2024-08-04-20-27-51.jpg","publicUrl":"np://user.desktop.nicepage.com/Site_189736123/images/PHOTO-2024-08-04-20-27-51.jpg","size":274559,"hash":"QUoMPe/ntgxhCvNryufKgpSc2MM=","fileName":"PHOTO-2024-08-04-20-27-51.jpg","name":"PHOTO-2024-08-04-20-27-51","width":900,"height":1600,"thumbnail":{"url":"np://user.desktop.nicepage.com/Site_189736123/images/thumbnails/PHOTO-2024-08-04-20-27-51.jpg","width":141,"height":250},"folderId":null,"usages":["77150590"]},{"id":"user-image-PHOTO-2024-08-04-20-21-53.jpg","publicUrl":"np://user.desktop.nicepage.com/Site_189736123/images/PHOTO-2024-08-04-20-21-53.jpg","size":320868,"hash":"B4aDfiO9VSSpxHSggd7U+EcHRMQ=","fileName":"PHOTO-2024-08-04-20-21-53.jpg","name":"PHOTO-2024-08-04-20-21-53","width":900,"height":1600,"thumbnail":{"url":"np://user.desktop.nicepage.com/Site_189736123/images/thumbnails/PHOTO-2024-08-04-20-21-53.jpg","width":141,"height":250},"folderId":null,"usages":["77150590"]},{"id":"user-image-maxresdefault-removebg-preview.png","publicUrl":"np://user.desktop.nicepage.com/Site_189736123/images/maxresdefault-removebg-preview.png","size":43746,"hash":"Ad5t1M3LeuIwrSrY8WslW/1/k1g=","fileName":"maxresdefault-removebg-preview.png","name":"maxresdefault-removebg-preview","width":666,"height":375,"thumbnail":{"url":"np://user.desktop.nicepage.com/Site_189736123/images/thumbnails/maxresdefault-removebg-preview.png","width":250,"height":141},"folderId":null,"usages":["77150590"]},{"id":"user-image-Screenshot2024-07-12at7.15.37PM.png","publicUrl":"np://user.desktop.nicepage.com/Site_189736123/images/Screenshot2024-07-12at7.15.37PM.png","size":3829970,"hash":"s/xC4XuR9rc/hqwfBljp7BSiijQ=","fileName":"Screenshot2024-07-12at7.15.37PM.png","name":"Screenshot2024-07-12at7.15.37PM","width":1908,"height":1506,"thumbnail":{"url":"np://user.desktop.nicepage.com/Site_189736123/images/thumbnails/Screenshot2024-07-12at7.15.37PM.png","width":250,"height":197},"folderId":null,"usages":["77150590"]},{"id":"user-image-13895.png","publicUrl":"np://user.desktop.nicepage.com/Site_189736123/images/13895.png","size":2826,"hash":"CYQ7r4cxSuZFkQ/BVWxJolX5GnM=","fileName":"13895.png","name":"13895","width":128,"height":128,"thumbnail":{"url":"np://user.desktop.nicepage.com/Site_189736123/images/thumbnails/13895.png","width":128,"height":128,"length":2826,"type":"png"},"folderId":null,"usages":["77150590"]},{"id":"user-image-59149.png","publicUrl":"np://user.desktop.nicepage.com/Site_189736123/images/59149.png","size":2652,"hash":"ZbGtNJq8++WbFdyzDPq6LXC4lLs=","fileName":"59149.png","name":"59149","width":128,"height":128,"thumbnail":{"url":"np://user.desktop.nicepage.com/Site_189736123/images/thumbnails/59149.png","width":128,"height":128,"length":2652,"type":"png"},"folderId":null,"usages":["77150590"]},{"id":"user-image-Screenshot2024-07-12at7.10.13PM.png","publicUrl":"np://user.desktop.nicepage.com/Site_189736123/images/Screenshot2024-07-12at7.10.13PM.png","size":5131609,"hash":"hXbfF2FypMe8ALbzsPkt6tz18AM=","fileName":"Screenshot2024-07-12at7.10.13PM.png","name":"Screenshot2024-07-12at7.10.13PM","width":2102,"height":1494,"thumbnail":{"url":"np://user.desktop.nicepage.com/Site_189736123/images/thumbnails/Screenshot2024-07-12at7.10.13PM.png","width":250,"height":178},"folderId":null,"usages":["77150590"]},{"id":"user-image-2024-04-10.png","publicUrl":"np://user.desktop.nicepage.com/Site_189736123/images/2024-04-10.png","size":30047,"hash":"oUzM1Qo937S5w490UVxcvE4MHtw=","fileName":"2024-04-10.png","name":"2024-04-10","width":720,"height":720,"thumbnail":{"url":"np://user.desktop.nicepage.com/Site_189736123/images/thumbnails/2024-04-10.png","width":250,"height":250},"folderId":null,"usages":["77150590"]},{"id":"user-image-Screenshot2024-07-12at6.33.43PM.png","publicUrl":"np://user.desktop.nicepage.com/Site_189736123/images/Screenshot2024-07-12at6.33.43PM.png","size":4911171,"hash":"4mvj/j3pA68wTEJD9owRV7KFLTg=","fileName":"Screenshot2024-07-12at6.33.43PM.png","name":"Screenshot2024-07-12at6.33.43PM","width":1658,"height":1474,"thumbnail":{"url":"np://user.desktop.nicepage.com/Site_189736123/images/thumbnails/Screenshot2024-07-12at6.33.43PM.png","width":250,"height":222},"folderId":null,"usages":["77150590","37019894","663325784","309676456"]},{"id":"user-image-Screenshot2024-07-12at6.24.20PM.png","publicUrl":"np://user.desktop.nicepage.com/Site_189736123/images/Screenshot2024-07-12at6.24.20PM.png","size":4098504,"hash":"m7iKX9L1e7fNKgTp29yWS9CHU9o=","fileName":"Screenshot2024-07-12at6.24.20PM.png","name":"Screenshot2024-07-12at6.24.20PM","width":1658,"height":1474,"thumbnail":{"url":"np://user.desktop.nicepage.com/Site_189736123/images/thumbnails/Screenshot2024-07-12at6.24.20PM.png","width":250,"height":222},"folderId":null,"usages":["77150590","37019894","663325784","309676456"]},{"id":"user-image-Screenshot2024-07-12at6.23.45PM.png","publicUrl":"np://user.desktop.nicepage.com/Site_189736123/images/Screenshot2024-07-12at6.23.45PM.png","size":4335295,"hash":"0QelxXyRMBWSKtoPwJgrsabsc4I=","fileName":"Screenshot2024-07-12at6.23.45PM.png","name":"Screenshot2024-07-12at6.23.45PM","width":1984,"height":1532,"thumbnail":{"url":"np://user.desktop.nicepage.com/Site_189736123/images/thumbnails/Screenshot2024-07-12at6.23.45PM.png","width":250,"height":193},"folderId":null,"usages":["77150590","37019894"]},{"id":"user-image-Screenshot2024-07-12at6.19.55PM.png","publicUrl":"np://user.desktop.nicepage.com/Site_189736123/images/Screenshot2024-07-12at6.19.55PM.png","size":5038844,"hash":"a8fn8nSJFqbm1VDrFn1TuUIV3Co=","fileName":"Screenshot2024-07-12at6.19.55PM.png","name":"Screenshot2024-07-12at6.19.55PM","width":1984,"height":1532,"thumbnail":{"url":"np://user.desktop.nicepage.com/Site_189736123/images/thumbnails/Screenshot2024-07-12at6.19.55PM.png","width":250,"height":193},"folderId":null,"usages":["77150590","37019894"]},{"id":"user-image-Screenshot2024-07-12at6.14.36PM.png","publicUrl":"np://user.desktop.nicepage.com/Site_189736123/images/Screenshot2024-07-12at6.14.36PM.png","size":4884215,"hash":"/MxYNv4uynPs8MBSYG4Gld+ZJxI=","fileName":"Screenshot2024-07-12at6.14.36PM.png","name":"Screenshot2024-07-12at6.14.36PM","width":1984,"height":1532,"thumbnail":{"url":"np://user.desktop.nicepage.com/Site_189736123/images/thumbnails/Screenshot2024-07-12at6.14.36PM.png","width":250,"height":193},"folderId":null,"usages":["77150590"]},{"id":"user-image-Screenshot2024-07-12at6.04.49PM.png","publicUrl":"np://user.desktop.nicepage.com/Site_189736123/images/Screenshot2024-07-12at6.04.49PM.png","size":127886,"hash":"ndsbc89dWLtgbSem6kViiPBi/pI=","fileName":"Screenshot2024-07-12at6.04.49PM.png","name":"Screenshot2024-07-12at6.04.49PM","width":390,"height":212,"thumbnail":{"url":"np://user.desktop.nicepage.com/Site_189736123/images/thumbnails/Screenshot2024-07-12at6.04.49PM.png","width":250,"height":136},"folderId":null,"usages":["77150590"]},{"id":"user-image-Screenshot2024-07-12at6.01.36PM.png","publicUrl":"np://user.desktop.nicepage.com/Site_189736123/images/Screenshot2024-07-12at6.01.36PM.png","size":1098104,"hash":"8OwNSamDC3AStuEMjMyBTz9P6XY=","fileName":"Screenshot2024-07-12at6.01.36PM.png","name":"Screenshot2024-07-12at6.01.36PM","width":956,"height":736,"thumbnail":{"url":"np://user.desktop.nicepage.com/Site_189736123/images/thumbnails/Screenshot2024-07-12at6.01.36PM.png","width":250,"height":192},"folderId":null,"usages":["865418329"]},{"id":"user-image-Screenshot2024-07-12at5.58.00PM.png","publicUrl":"np://user.desktop.nicepage.com/Site_189736123/images/Screenshot2024-07-12at5.58.00PM.png","size":1168079,"hash":"q4ma0TrPXd5Cg78EbwZQX5niiww=","fileName":"Screenshot2024-07-12at5.58.00PM.png","name":"Screenshot2024-07-12at5.58.00PM","width":956,"height":736,"thumbnail":{"url":"np://user.desktop.nicepage.com/Site_189736123/images/thumbnails/Screenshot2024-07-12at5.58.00PM.png","width":250,"height":192},"folderId":null,"usages":["865418329"]},{"id":"user-image-393264849_719078370252224_3076231660160638878_n.jpg","publicUrl":"np://user.desktop.nicepage.com/Site_189736123/images/393264849_719078370252224_3076231660160638878_n.jpg","size":910164,"hash":"hHIJ0JSceqNj74+zX3y8IHNgvbs=","fileName":"393264849_719078370252224_3076231660160638878_n.jpg","name":"393264849_719078370252224_3076231660160638878_n","width":2048,"height":1686,"thumbnail":{"url":"np://user.desktop.nicepage.com/Site_189736123/images/thumbnails/393264849_719078370252224_3076231660160638878_n.jpg","width":250,"height":206},"folderId":null,"usages":["180010441"]},{"id":"user-image-images.png","publicUrl":"np://user.desktop.nicepage.com/Site_189736123/images/images.png","size":5611,"hash":"W2io2a4Puctmf7Nd55wg0gVLU5Q=","fileName":"images.png","name":"images","width":347,"height":145,"thumbnail":{"url":"np://user.desktop.nicepage.com/Site_189736123/images/thumbnails/images.png","width":250,"height":104},"folderId":null,"usages":["77150590"]},{"id":"user-image-440888339_841757051317688_6583731310708868024_n.jpg","publicUrl":"np://user.desktop.nicepage.com/Site_189736123/images/440888339_841757051317688_6583731310708868024_n.jpg","size":122915,"hash":"28rshK+dpHEvCU3MmOh6aZQw7Yk=","fileName":"440888339_841757051317688_6583731310708868024_n.jpg","name":"440888339_841757051317688_6583731310708868024_n","width":1209,"height":640,"thumbnail":{"url":"np://user.desktop.nicepage.com/Site_189736123/images/thumbnails/440888339_841757051317688_6583731310708868024_n.jpg","width":250,"height":132},"folderId":null,"usages":["77150590"]},{"id":"user-image-May11-2014-1.png","publicUrl":"np://user.desktop.nicepage.com/Site_189736123/images/May11-2014-1.png","size":182695,"hash":"hNT2YgPkLb1LYx5htaZXZlmLfc4=","fileName":"May11-2014-1.png","name":"May11-2014-1","width":680,"height":510,"thumbnail":{"url":"np://user.desktop.nicepage.com/Site_189736123/images/thumbnails/May11-2014-1.png","width":250,"height":188},"folderId":null,"usages":["180010441","37019894"]},{"id":"user-image-WhatsAppImage2024-05-21at20.29.05.jpeg","publicUrl":"np://user.desktop.nicepage.com/Site_189736123/images/WhatsAppImage2024-05-21at20.29.05.jpeg","size":210387,"hash":"7nMTgU4q4NCHLVl4H6LV3+lRqSk=","fileName":"WhatsAppImage2024-05-21at20.29.05.jpeg","name":"WhatsAppImage2024-05-21at20.29.05","width":1600,"height":1200,"thumbnail":{"url":"np://user.desktop.nicepage.com/Site_189736123/images/thumbnails/WhatsAppImage2024-05-21at20.29.05.jpeg","width":250,"height":188},"folderId":null,"usages":["37019894"]},{"id":"user-image-IMG_4776.jpg","publicUrl":"np://user.desktop.nicepage.com/Site_189736123/images/IMG_4776.jpg","size":518235,"hash":"wf6lBAnhV99TmmciTOBrw1BfMWE=","fileName":"IMG_4776.jpg","name":"IMG_4776","width":1365,"height":2048,"thumbnail":{"url":"np://user.desktop.nicepage.com/Site_189736123/images/thumbnails/IMG_4776.jpg","width":167,"height":250},"folderId":null,"usages":["180010441","37019894"]},{"id":"user-image-IMG_47792.jpg","publicUrl":"np://user.desktop.nicepage.com/Site_189736123/images/IMG_47792.jpg","size":592504,"hash":"zoISfHIUuyrk8hqIuGdITT/2ijM=","fileName":"IMG_47792.jpg","name":"IMG_47792","width":2048,"height":1365,"thumbnail":{"url":"np://user.desktop.nicepage.com/Site_189736123/images/thumbnails/IMG_47792.jpg","width":250,"height":167},"folderId":null,"usages":["37019894"]},{"id":"user-image-8.jpg","publicUrl":"np://user.desktop.nicepage.com/Site_189736123/images/8.jpg","size":440653,"hash":"nhndp0gOHOBcPnMRGQW8Vwpzkhg=","fileName":"8.jpg","name":"8","width":1280,"height":1920,"thumbnail":{"url":"np://user.desktop.nicepage.com/Site_189736123/images/thumbnails/8.jpg","width":167,"height":250},"folderId":null,"usages":["37019894"]},{"id":"user-image-IMG_6411.jpg","publicUrl":"np://user.desktop.nicepage.com/Site_189736123/images/IMG_6411.jpg","size":442357,"hash":"iNtqtoChvnJGwwnNmq/xttSdbco=","fileName":"IMG_6411.jpg","name":"IMG_6411","width":2048,"height":1365,"thumbnail":{"url":"np://user.desktop.nicepage.com/Site_189736123/images/thumbnails/IMG_6411.jpg","width":250,"height":167},"folderId":null,"usages":["37019894"]},{"id":"user-image-Screenshot2024-05-21at8.41.56PM.png","publicUrl":"np://user.desktop.nicepage.com/Site_189736123/images/Screenshot2024-05-21at8.41.56PM.png","size":962795,"hash":"dF33f+okvWbLr8NfVwHDLFI93Dg=","fileName":"Screenshot2024-05-21at8.41.56PM.png","name":"Screenshot2024-05-21at8.41.56PM","width":873,"height":514,"thumbnail":{"url":"np://user.desktop.nicepage.com/Site_189736123/images/thumbnails/Screenshot2024-05-21at8.41.56PM.png","width":250,"height":147},"folderId":null,"usages":["663325784"]},{"id":"user-image-IMG_1045.JPG","publicUrl":"np://user.desktop.nicepage.com/Site_189736123/images/IMG_1045.JPG","size":523320,"hash":"NJOMq/05s5U17XbtYC52EEYdtlk=","fileName":"IMG_1045.JPG","name":"IMG_1045","width":1920,"height":1185,"thumbnail":{"url":"np://user.desktop.nicepage.com/Site_189736123/images/thumbnails/IMG_1045.JPG","width":250,"height":154},"folderId":null,"usages":["180010441","37019894"]},{"id":"user-image-715fb46b-93dd-4509-9b5b-83d87b9abd98.JPG","publicUrl":"np://user.desktop.nicepage.com/Site_189736123/images/715fb46b-93dd-4509-9b5b-83d87b9abd98.JPG","size":621635,"hash":"anLB7Q6bmtVJcGtSnJG7VL4ICp0=","fileName":"715fb46b-93dd-4509-9b5b-83d87b9abd98.JPG","name":"715fb46b-93dd-4509-9b5b-83d87b9abd98","width":1600,"height":1200,"thumbnail":{"url":"np://user.desktop.nicepage.com/Site_189736123/images/thumbnails/715fb46b-93dd-4509-9b5b-83d87b9abd98.JPG","width":250,"height":188},"folderId":null,"usages":["37019894","663325784"]},{"id":"user-image-9fbf6175-32cf-47e9-9a4a-257b44e8e428-7.JPG","publicUrl":"np://user.desktop.nicepage.com/Site_189736123/images/9fbf6175-32cf-47e9-9a4a-257b44e8e428-7.JPG","size":334688,"hash":"mDqRd0d82vyAqcY1FoWQxggxAMI=","fileName":"9fbf6175-32cf-47e9-9a4a-257b44e8e428-7.JPG","name":"9fbf6175-32cf-47e9-9a4a-257b44e8e428-7","width":1600,"height":1200,"thumbnail":{"url":"np://user.desktop.nicepage.com/Site_189736123/images/thumbnails/9fbf6175-32cf-47e9-9a4a-257b44e8e428-7.JPG","width":250,"height":188},"folderId":null,"usages":["37019894"]},{"id":"user-image-95762a20-b3e5-4deb-a195-d9bfd28acff4.JPG","publicUrl":"np://user.desktop.nicepage.com/Site_189736123/images/95762a20-b3e5-4deb-a195-d9bfd28acff4.JPG","size":267497,"hash":"YP/e+zyUh/jRBOF3AWoXEMaAgmU=","fileName":"95762a20-b3e5-4deb-a195-d9bfd28acff4.JPG","name":"95762a20-b3e5-4deb-a195-d9bfd28acff4","width":1600,"height":1200,"thumbnail":{"url":"np://user.desktop.nicepage.com/Site_189736123/images/thumbnails/95762a20-b3e5-4deb-a195-d9bfd28acff4.JPG","width":250,"height":188},"folderId":null,"usages":["37019894"]},{"id":"user-image-IMG_7235.jpeg","publicUrl":"np://user.desktop.nicepage.com/Site_189736123/images/IMG_7235.jpeg","size":108275,"hash":"4LTR+LJ6IdBbYxiuLCcYz9RCF3I=","fileName":"IMG_7235.jpeg","name":"IMG_7235","width":585,"height":748,"thumbnail":{"url":"np://user.desktop.nicepage.com/Site_189736123/images/thumbnails/IMG_7235.jpeg","width":196,"height":250},"folderId":null,"usages":["37019894"]},{"id":"user-image-PHOTO-2024-05-21-20-22-01.jpg","publicUrl":"np://user.desktop.nicepage.com/Site_189736123/images/PHOTO-2024-05-21-20-22-01.jpg","size":320463,"hash":"eAUDozOuxK+gu+VniePOknyFqHk=","fileName":"PHOTO-2024-05-21-20-22-01.jpg","name":"PHOTO-2024-05-21-20-22-01","width":1600,"height":1200,"thumbnail":{"url":"np://user.desktop.nicepage.com/Site_189736123/images/thumbnails/PHOTO-2024-05-21-20-22-01.jpg","width":250,"height":188},"folderId":null,"usages":["37019894"]},{"id":"user-image-WhatsAppImage2024-05-21aS20.29.07.jpeg","publicUrl":"np://user.desktop.nicepage.com/Site_189736123/images/WhatsAppImage2024-05-21aS20.29.07.jpeg","size":339376,"hash":"DQc1tgbxeqGQhjOipJX1dwJst5s=","fileName":"WhatsAppImage2024-05-21aS20.29.07.jpeg","name":"WhatsAppImage2024-05-21aS20.29.07","width":1600,"height":1200,"thumbnail":{"url":"np://user.desktop.nicepage.com/Site_189736123/images/thumbnails/WhatsAppImage2024-05-21aS20.29.07.jpeg","width":250,"height":188},"folderId":null,"usages":["180010441"]},{"id":"user-image-Screenshot2024-06-30at11.22.34AM.png","publicUrl":"np://user.desktop.nicepage.com/Site_189736123/images/Screenshot2024-06-30at11.22.34AM.png","size":307914,"hash":"4HVpBC+OrbsIp3Rg7iIo7v48O4w=","fileName":"Screenshot2024-06-30at11.22.34AM.png","name":"Screenshot2024-06-30at11.22.34AM","width":1028,"height":276,"thumbnail":{"url":"np://user.desktop.nicepage.com/Site_189736123/images/thumbnails/Screenshot2024-06-30at11.22.34AM.png","width":250,"height":67},"folderId":null,"usages":[]},{"id":"user-image-favicon3.png","publicUrl":"np://user.desktop.nicepage.com/Site_189736123/images/favicon3.png","size":74005,"hash":"YP0uU4/WgF+qXlcojvhbSiJal08=","fileName":"favicon3.png","name":"favicon3","width":500,"height":500,"thumbnail":{"url":"np://user.desktop.nicepage.com/Site_189736123/images/thumbnails/favicon3.png","width":250,"height":250},"folderId":null,"usages":[]}]