[{"id":11860012,"title":"Blog Template","order":1,"templateKey":"blog","customTemplate":false,"customTemplateFilename":null,"pageLinks":[],"dateCreated":"2024-06-30T15:18:27.158Z","dateUpdated":"2024-06-30T15:18:27.701Z","folderId":null,"pageName":"Blog Template","serverPageId":null,"sectionCount":1,"status":2,"backwardUrl":null},{"id":36032063,"title":"Post Template","order":2,"templateKey":"post","customTemplate":false,"customTemplateFilename":null,"pageLinks":[],"dateCreated":"2024-06-30T15:18:27.229Z","dateUpdated":"2024-06-30T15:18:27.701Z","folderId":null,"pageName":"Post Template","serverPageId":null,"sectionCount":1,"status":2,"backwardUrl":null},{"id":338905712,"title":"Product List Template","order":3,"templateKey":"products","customTemplate":false,"customTemplateFilename":null,"pageLinks":[],"dateCreated":"2024-06-30T15:18:27.288Z","dateUpdated":"2024-06-30T15:18:27.702Z","folderId":null,"pageName":"Product List Template","serverPageId":null,"sectionCount":1,"status":2,"backwardUrl":null},{"id":200754741,"title":"Product Details Template","order":4,"templateKey":"product","customTemplate":false,"customTemplateFilename":null,"pageLinks":[],"dateCreated":"2024-06-30T15:18:27.343Z","dateUpdated":"2024-06-30T15:18:27.702Z","folderId":null,"pageName":"Product Details Template","serverPageId":null,"sectionCount":1,"status":2,"backwardUrl":null},{"id":776313155,"title":"Shopping Cart Template","order":5,"templateKey":"cart","customTemplate":false,"customTemplateFilename":null,"pageLinks":[],"dateCreated":"2024-06-30T15:18:27.390Z","dateUpdated":"2024-06-30T15:18:27.702Z","folderId":null,"pageName":"Shopping Cart Template","serverPageId":null,"sectionCount":1,"status":2,"backwardUrl":null},{"id":69949628,"title":"Checkout Template","order":6,"templateKey":"checkout","customTemplate":false,"customTemplateFilename":null,"pageLinks":[],"dateCreated":"2024-06-30T15:18:27.452Z","dateUpdated":"2024-06-30T15:18:27.702Z","folderId":null,"pageName":"Checkout Template","serverPageId":null,"sectionCount":1,"status":2,"backwardUrl":null},{"id":19211146,"title":"Login Template","order":7,"templateKey":"login","customTemplate":false,"customTemplateFilename":null,"pageLinks":[],"dateCreated":"2024-06-30T15:18:27.489Z","dateUpdated":"2024-06-30T15:18:27.702Z","folderId":null,"pageName":"Login Template","serverPageId":null,"sectionCount":1,"status":2,"backwardUrl":null},{"id":731000242,"title":"Search Page Template","order":8,"templateKey":"Search","customTemplate":false,"customTemplateFilename":null,"pageLinks":[],"dateCreated":"2024-10-13T01:30:52.619Z","dateUpdated":"2024-10-13T01:30:52.671Z","folderId":null,"pageName":"Search Page Template","serverPageId":null,"sectionCount":1,"status":2,"backwardUrl":null},{"id":254378344,"title":"Page Password Template","order":9,"templateKey":"password","customTemplate":false,"customTemplateFilename":null,"pageLinks":[],"dateCreated":"2024-06-30T15:18:27.515Z","dateUpdated":"2024-06-30T15:18:27.702Z","folderId":null,"pageName":"Page Password Template","serverPageId":null,"sectionCount":1,"status":2,"backwardUrl":null},{"id":99431801,"title":"404 Not Found Template","order":10,"templateKey":"404","customTemplate":false,"customTemplateFilename":null,"pageLinks":[],"dateCreated":"2024-06-30T15:18:27.539Z","dateUpdated":"2024-06-30T15:18:27.702Z","folderId":null,"pageName":"404 Not Found Template","serverPageId":null,"sectionCount":1,"status":2,"backwardUrl":null},{"id":1571004755,"title":"Thank You Page Template","order":11,"templateKey":"ThankYou","customTemplate":false,"customTemplateFilename":null,"pageLinks":[],"dateCreated":"2024-06-30T15:18:27.561Z","dateUpdated":"2024-06-30T15:18:27.702Z","folderId":null,"pageName":"Thank You Page Template","serverPageId":null,"sectionCount":1,"status":2,"backwardUrl":null},{"id":180010441,"title":"Home","order":50,"templateKey":null,"customTemplate":false,"customTemplateFilename":null,"pageLinks":[],"dateCreated":"2024-06-30T15:19:41.045Z","dateUpdated":"2024-10-28T23:26:53.426Z","folderId":null,"pageName":"Home_180010441","serverPageId":null,"sectionCount":7,"status":2,"backwardUrl":null},{"id":865418329,"title":"Freedom Wings","order":100,"templateKey":null,"customTemplate":false,"customTemplateFilename":null,"pageLinks":[],"dateCreated":"2024-06-30T15:18:27.577Z","dateUpdated":"2024-08-20T12:36:01.954Z","folderId":null,"pageName":"Freedom Wings_865418329","serverPageId":null,"sectionCount":2,"status":2,"backwardUrl":null},{"id":37019894,"title":"Photos","order":102,"templateKey":null,"customTemplate":false,"customTemplateFilename":null,"pageLinks":[],"dateCreated":"2024-06-30T16:20:10.615Z","dateUpdated":"2024-07-12T22:53:58.696Z","folderId":null,"pageName":"Photos_37019894","serverPageId":null,"sectionCount":4,"status":2,"backwardUrl":null},{"id":77150590,"title":"Supporters","order":104,"templateKey":null,"customTemplate":false,"customTemplateFilename":null,"pageLinks":[],"dateCreated":"2024-06-30T17:39:19.752Z","dateUpdated":"2024-10-28T23:22:10.417Z","folderId":null,"pageName":"Supporters_77150590","serverPageId":null,"sectionCount":10,"status":2,"backwardUrl":null},{"id":34206520,"title":"Toronto Soaring Club","order":105,"templateKey":null,"customTemplate":false,"customTemplateFilename":null,"pageLinks":[],"dateCreated":"2024-08-20T19:28:12.856Z","dateUpdated":"2024-10-28T23:22:16.988Z","folderId":null,"pageName":"Toronto Soaring Club_34206520","serverPageId":null,"sectionCount":3,"status":2,"backwardUrl":null},{"id":663325784,"title":"University Soaring Society","order":106,"templateKey":null,"customTemplate":false,"customTemplateFilename":null,"pageLinks":[],"dateCreated":"2024-06-30T15:18:27.577Z","dateUpdated":"2024-10-28T23:22:36.727Z","folderId":null,"pageName":"University Soaring Society_663325784","serverPageId":null,"sectionCount":5,"status":2,"backwardUrl":null},{"id":309676456,"title":"About Us","order":107,"templateKey":null,"customTemplate":false,"customTemplateFilename":null,"pageLinks":[],"dateCreated":"2024-08-20T19:39:44.257Z","dateUpdated":"2024-10-28T23:22:03.426Z","folderId":null,"pageName":"About Us_309676456","serverPageId":null,"sectionCount":4,"status":2,"backwardUrl":null}]